P_in_max / MW;P_in_min / MW;c_0;c_1
37.82083781893151;7.559680182534492;0.5419728971256284;0.7810216452307226
