P_in_max / MW;P_in_min / MW;c_1;c_0
37.820837818931494;7.559680182534492;0.7810216452307227;0.5419728971256284
