P_in_max / MW;P_in_min / MW;c_1;c_0
14.290902065790172;7.145451032910586;2.273666739721157;6.401831477872328
14.290902065824794;7.145451032899042;2.3938598045336956;4.638161116785582
14.290902065763126;7.145451032844364;2.3652351841140056;-4.271415681728897
14.290902065808279;7.145451032913566;2.267513414919876;-5.827685541029112
